"id";"questiontype";"label";"values";"condition";"required";"restricted_to";"deleted_at";"created_at";"updated_at";"id";"element_question_id";"locale";"question";"answers";"deleted_at";"created_at";"updated_at"
"1";"YesNoSwitch";"s01";"[""YES"",""NO""]";NULL;"1";NULL;NULL;"2018-08-20 11:59:09";"2018-08-20 11:59:09";"1";"1";"de";"Haben Sie gerade den Tinnitus bewusst wahrgenommen?";"[""Ja"",""Nein""]";NULL;"2018-08-20 11:59:09";"2018-08-20 11:59:09"
"1";"YesNoSwitch";"s01";"[""YES"",""NO""]";NULL;"1";NULL;NULL;"2018-08-20 11:59:09";"2018-08-20 11:59:09";"2";"1";"en";"Did you perceive the tinnitus right now?";"[""Yes"",""No""]";NULL;"2018-08-20 11:59:09";"2018-08-20 11:59:09"
"2";"Slider";"s02";"{""min"":0,""max"":100,""step"":1}";NULL;"1";NULL;NULL;"2018-08-20 11:59:09";"2018-08-20 11:59:09";"3";"2";"de";"Wie laut ist der Tinnitus momentan?";"[{""value"":0,""label"":""nicht h\u00f6rbar"",""icon"":""\uf026""},{""value"":100,""label"":""maximale Lautst\u00e4rke"",""icon"":""\uf028""}]";NULL;"2018-08-20 11:59:09";"2018-08-20 11:59:09"
"2";"Slider";"s02";"{""min"":0,""max"":100,""step"":1}";NULL;"1";NULL;NULL;"2018-08-20 11:59:09";"2018-08-20 11:59:09";"4";"2";"en";"How loud is the tinnitus right now?";"[{""value"":0,""label"":""not audible"",""icon"":""\uf026""},{""value"":100,""label"":""maximal loudness"",""icon"":""\uf028""}]";NULL;"2018-08-20 11:59:09";"2018-08-20 11:59:09"
"3";"Slider";"s03";"{""min"":0,""max"":100,""step"":1}";NULL;"0";NULL;NULL;"2018-08-20 11:59:09";"2018-08-20 11:59:09";"5";"3";"de";"Wie belastend empfinden Sie den Tinnitus im Moment?";"[{""value"":0,""label"":""nicht belastend"",""icon"":""\uf118""},{""value"":100,""label"":""maximal belastend"",""icon"":""\uf119""}]";NULL;"2018-08-20 11:59:09";"2018-08-20 11:59:09"
"3";"Slider";"s03";"{""min"":0,""max"":100,""step"":1}";NULL;"0";NULL;NULL;"2018-08-20 11:59:09";"2018-08-20 11:59:09";"6";"3";"en";"How stressful is the tinnitus right now?";"[{""value"":0,""label"":""not stressful"",""icon"":""\uf118""},{""value"":100,""label"":""maximal stressful"",""icon"":""\uf119""}]";NULL;"2018-08-20 11:59:09";"2018-08-20 11:59:09"
"4";"Slider";"s04";"{""min"":0,""max"":100,""step"":1}";NULL;"0";NULL;NULL;"2018-08-20 11:59:09";"2018-08-20 11:59:09";"7";"4";"de";"Wie gut hören Sie gerade?";"[{""value"":0,""label"":""h\u00f6re gar nichts"",""icon"":""\uf026""},{""value"":100,""label"":""h\u00f6re sehr gut"",""icon"":""\uf028""}]";NULL;"2018-08-20 11:59:09";"2018-08-20 11:59:09"
"4";"Slider";"s04";"{""min"":0,""max"":100,""step"":1}";NULL;"0";NULL;NULL;"2018-08-20 11:59:09";"2018-08-20 11:59:09";"8";"4";"en";"How well are you hearing right now?";"[{""value"":0,""label"":""don't hear anything"",""icon"":""\uf026""},{""value"":100,""label"":""hear very well"",""icon"":""\uf028""}]";NULL;"2018-08-20 11:59:09";"2018-08-20 11:59:09"
"5";"Slider";"s05";"{""min"":0,""max"":100,""step"":1}";NULL;"0";NULL;NULL;"2018-08-20 11:59:09";"2018-08-20 11:59:09";"9";"5";"de";"Wie stark sind Sie gerade durch ihr Hörvermögen eingeschränkt?";"[{""value"":0,""label"":""keine Einschr\u00e4nkung"",""icon"":""\uf118""},{""value"":100,""label"":""maximale Einschr\u00e4nkung"",""icon"":""\uf119""}]";NULL;"2018-08-20 11:59:09";"2018-08-20 11:59:09"
"5";"Slider";"s05";"{""min"":0,""max"":100,""step"":1}";NULL;"0";NULL;NULL;"2018-08-20 11:59:09";"2018-08-20 11:59:09";"10";"5";"en";"How much are you limited by your hearing ability right now?";"[{""value"":0,""label"":""no limitation"",""icon"":""\uf118""},{""value"":100,""label"":""maximal limitation"",""icon"":""\uf119""}]";NULL;"2018-08-20 11:59:09";"2018-08-20 11:59:09"
"6";"Slider";"s06";"{""min"":0,""max"":100,""step"":1}";NULL;"0";NULL;NULL;"2018-08-20 11:59:09";"2018-08-20 11:59:09";"11";"6";"de";"Wie gestresst fühlen Sie sich gerade?";"[{""value"":0,""label"":""nicht gestresst"",""icon"":""\uf118""},{""value"":100,""label"":""maximale Stressbelastung"",""icon"":""\uf119""}]";NULL;"2018-08-20 11:59:09";"2018-08-20 11:59:09"
"6";"Slider";"s06";"{""min"":0,""max"":100,""step"":1}";NULL;"0";NULL;NULL;"2018-08-20 11:59:09";"2018-08-20 11:59:09";"12";"6";"en";"Do you feel stressed right now?";"[{""value"":0,""label"":""not stressed"",""icon"":""\uf118""},{""value"":100,""label"":""maximal stressed"",""icon"":""\uf119""}]";NULL;"2018-08-20 11:59:09";"2018-08-20 11:59:09"
"7";"Slider";"s07";"{""min"":0,""max"":100,""step"":1}";NULL;"0";NULL;NULL;"2018-08-20 11:59:09";"2018-08-20 11:59:09";"13";"7";"de";"Wie erschöpft fühlen Sie sich im Moment?";"[{""value"":0,""label"":""gar nicht"",""icon"":""\uf118""},{""value"":100,""label"":""maximal ersch\u00f6pft"",""icon"":""\uf119""}]";NULL;"2018-08-20 11:59:09";"2018-08-20 11:59:09"
"7";"Slider";"s07";"{""min"":0,""max"":100,""step"":1}";NULL;"0";NULL;NULL;"2018-08-20 11:59:09";"2018-08-20 11:59:09";"14";"7";"en";"How exhausted do you feel right now?";"[{""value"":0,""label"":""not at all"",""icon"":""\uf118""},{""value"":100,""label"":""maximal exhausted"",""icon"":""\uf119""}]";NULL;"2018-08-20 11:59:09";"2018-08-20 11:59:09"
"8";"YesNoSwitch";"s08";"[""YES"",""NO""]";NULL;"0";NULL;NULL;"2018-08-20 11:59:09";"2018-08-20 11:59:09";"15";"8";"de";"Tragen Sie gerade ein Hörgerät?";"[""Ja"",""Nein""]";NULL;"2018-08-20 11:59:09";"2018-08-20 11:59:09"
"8";"YesNoSwitch";"s08";"[""YES"",""NO""]";NULL;"0";NULL;NULL;"2018-08-20 11:59:09";"2018-08-20 11:59:09";"16";"8";"en";"Are you wearing a hearing aid right now?";"[""Yes"",""No""]";NULL;"2018-08-20 11:59:09";"2018-08-20 11:59:09"
"9";"SingleChoice";"mtq01";"[""TRUE"",""PARTLYTRUE"",""NOTTRUE""]";NULL;"1";NULL;NULL;"2018-08-20 11:59:09";"2018-08-20 11:59:09";"17";"9";"de";"Ich bin mir der Ohrgeräusche vom Aufwachen bis zum Schlafengehen bewußt.";"[""Stimmt"",""Stimmt teilweise"",""Stimmt nicht""]";NULL;"2018-08-20 11:59:09";"2018-08-20 11:59:09"
"9";"SingleChoice";"mtq01";"[""TRUE"",""PARTLYTRUE"",""NOTTRUE""]";NULL;"1";NULL;NULL;"2018-08-20 11:59:09";"2018-08-20 11:59:09";"18";"9";"en";"I am aware of the noises from the moment I get up to the moment I sleep.";"[""True"",""Partly true"",""Not true""]";NULL;"2018-08-20 11:59:09";"2018-08-20 11:59:09"
"10";"SingleChoice";"mtq02";"[""TRUE"",""PARTLYTRUE"",""NOTTRUE""]";NULL;"1";NULL;NULL;"2018-08-20 11:59:09";"2018-08-20 11:59:09";"19";"10";"de";"Ich mache mir wegen der Ohrgeräusche Sorgen, ob mit meinem Körper ernstlich etwas nicht in Ordnung ist.";"[""Stimmt"",""Stimmt teilweise"",""Stimmt nicht""]";NULL;"2018-08-20 11:59:09";"2018-08-20 11:59:09"
"10";"SingleChoice";"mtq02";"[""TRUE"",""PARTLYTRUE"",""NOTTRUE""]";NULL;"1";NULL;NULL;"2018-08-20 11:59:09";"2018-08-20 11:59:09";"20";"10";"en";"Because of the noises I worry that there is something seriously wrong with my body.";"[""True"",""Partly true"",""Not true""]";NULL;"2018-08-20 11:59:09";"2018-08-20 11:59:09"
"11";"SingleChoice";"mtq03";"[""TRUE"",""PARTLYTRUE"",""NOTTRUE""]";NULL;"1";NULL;NULL;"2018-08-20 11:59:09";"2018-08-20 11:59:09";"21";"11";"de";"Wenn die Ohrgeräusche andauern, wird mein Leben nicht mehr lebenswert sein.";"[""Stimmt"",""Stimmt teilweise"",""Stimmt nicht""]";NULL;"2018-08-20 11:59:09";"2018-08-20 11:59:09"
"11";"SingleChoice";"mtq03";"[""TRUE"",""PARTLYTRUE"",""NOTTRUE""]";NULL;"1";NULL;NULL;"2018-08-20 11:59:09";"2018-08-20 11:59:09";"22";"11";"en";"If the noises continue my life will not be worth living.";"[""True"",""Partly true"",""Not true""]";NULL;"2018-08-20 11:59:09";"2018-08-20 11:59:09"
"12";"SingleChoice";"mtq04";"[""TRUE"",""PARTLYTRUE"",""NOTTRUE""]";NULL;"1";NULL;NULL;"2018-08-20 11:59:09";"2018-08-20 11:59:09";"23";"12";"de";"Auf Grund der Ohrgeräusche bin ich mit meiner Familie und meinen Freunden gereizter.";"[""Stimmt"",""Stimmt teilweise"",""Stimmt nicht""]";NULL;"2018-08-20 11:59:09";"2018-08-20 11:59:09"
"12";"SingleChoice";"mtq04";"[""TRUE"",""PARTLYTRUE"",""NOTTRUE""]";NULL;"1";NULL;NULL;"2018-08-20 11:59:09";"2018-08-20 11:59:09";"24";"12";"en";"I am more irritable with my family and friends because of the noises.";"[""True"",""Partly true"",""Not true""]";NULL;"2018-08-20 11:59:09";"2018-08-20 11:59:09"
"13";"SingleChoice";"mtq05";"[""TRUE"",""PARTLYTRUE"",""NOTTRUE""]";NULL;"1";NULL;NULL;"2018-08-20 11:59:09";"2018-08-20 11:59:09";"25";"13";"de";"Ich sorge mich, dass die Ohrgeräusche meine körperliche Gesundheit schädigen könnten.";"[""Stimmt"",""Stimmt teilweise"",""Stimmt nicht""]";NULL;"2018-08-20 11:59:09";"2018-08-20 11:59:09"
"13";"SingleChoice";"mtq05";"[""TRUE"",""PARTLYTRUE"",""NOTTRUE""]";NULL;"1";NULL;NULL;"2018-08-20 11:59:09";"2018-08-20 11:59:09";"26";"13";"en";"I worry that the noises might damage my physical health.";"[""True"",""Partly true"",""Not true""]";NULL;"2018-08-20 11:59:09";"2018-08-20 11:59:09"
"14";"SingleChoice";"mtq06";"[""TRUE"",""PARTLYTRUE"",""NOTTRUE""]";NULL;"1";NULL;NULL;"2018-08-20 11:59:09";"2018-08-20 11:59:09";"27";"14";"de";"Wegen der Ohrgeräusche fällt es mir schwer, mich zu entspannen.";"[""Stimmt"",""Stimmt teilweise"",""Stimmt nicht""]";NULL;"2018-08-20 11:59:09";"2018-08-20 11:59:09"
"14";"SingleChoice";"mtq06";"[""TRUE"",""PARTLYTRUE"",""NOTTRUE""]";NULL;"1";NULL;NULL;"2018-08-20 11:59:09";"2018-08-20 11:59:09";"28";"14";"en";"I find it harder to relax because of the noises.";"[""True"",""Partly true"",""Not true""]";NULL;"2018-08-20 11:59:09";"2018-08-20 11:59:09"
"15";"SingleChoice";"mtq07";"[""TRUE"",""PARTLYTRUE"",""NOTTRUE""]";NULL;"1";NULL;NULL;"2018-08-20 11:59:09";"2018-08-20 11:59:09";"29";"15";"de";"Oft sind meine Ohrgeräusche so schlimm, dass ich sie nicht ignorieren kann.";"[""Stimmt"",""Stimmt teilweise"",""Stimmt nicht""]";NULL;"2018-08-20 11:59:09";"2018-08-20 11:59:09"
"15";"SingleChoice";"mtq07";"[""TRUE"",""PARTLYTRUE"",""NOTTRUE""]";NULL;"1";NULL;NULL;"2018-08-20 11:59:09";"2018-08-20 11:59:09";"30";"15";"en";"My noises are often so bad that I cannot ignore them.";"[""True"",""Partly true"",""Not true""]";NULL;"2018-08-20 11:59:09";"2018-08-20 11:59:09"
"16";"SingleChoice";"mtq08";"[""TRUE"",""PARTLYTRUE"",""NOTTRUE""]";NULL;"1";NULL;NULL;"2018-08-20 11:59:09";"2018-08-20 11:59:09";"31";"16";"de";"Wegen der Ohrgeräusche brauche ich länger zum Einschlafen.";"[""Stimmt"",""Stimmt teilweise"",""Stimmt nicht""]";NULL;"2018-08-20 11:59:09";"2018-08-20 11:59:09"
"16";"SingleChoice";"mtq08";"[""TRUE"",""PARTLYTRUE"",""NOTTRUE""]";NULL;"1";NULL;NULL;"2018-08-20 11:59:09";"2018-08-20 11:59:09";"32";"16";"en";"It takes me longer to get to sleep because of the noises.";"[""True"",""Partly true"",""Not true""]";NULL;"2018-08-20 11:59:09";"2018-08-20 11:59:09"
"17";"SingleChoice";"mtq09";"[""TRUE"",""PARTLYTRUE"",""NOTTRUE""]";NULL;"1";NULL;NULL;"2018-08-20 11:59:09";"2018-08-20 11:59:09";"33";"17";"de";"Wegen der Ohrgeräusche bin ich leichter niedergeschlagen.";"[""Stimmt"",""Stimmt teilweise"",""Stimmt nicht""]";NULL;"2018-08-20 11:59:09";"2018-08-20 11:59:09"
"17";"SingleChoice";"mtq09";"[""TRUE"",""PARTLYTRUE"",""NOTTRUE""]";NULL;"1";NULL;NULL;"2018-08-20 11:59:09";"2018-08-20 11:59:09";"34";"17";"en";"I am more liable to feel low because of the noises.";"[""True"",""Partly true"",""Not true""]";NULL;"2018-08-20 11:59:09";"2018-08-20 11:59:09"
"18";"SingleChoice";"mtq10";"[""TRUE"",""PARTLYTRUE"",""NOTTRUE""]";NULL;"1";NULL;NULL;"2018-08-20 11:59:09";"2018-08-20 11:59:09";"35";"18";"de";"Ich denke oft darüber nach, ob die Ohrgeräusche jemals weggehen werden.";"[""Stimmt"",""Stimmt teilweise"",""Stimmt nicht""]";NULL;"2018-08-20 11:59:09";"2018-08-20 11:59:09"
"18";"SingleChoice";"mtq10";"[""TRUE"",""PARTLYTRUE"",""NOTTRUE""]";NULL;"1";NULL;NULL;"2018-08-20 11:59:09";"2018-08-20 11:59:09";"36";"18";"en";"I often think about whether the noises will ever go away.";"[""True"",""Partly true"",""Not true""]";NULL;"2018-08-20 11:59:09";"2018-08-20 11:59:09"
"19";"SingleChoice";"mtq11";"[""TRUE"",""PARTLYTRUE"",""NOTTRUE""]";NULL;"1";NULL;NULL;"2018-08-20 11:59:09";"2018-08-20 11:59:09";"37";"19";"de";"Ich bin Opfer meiner Ohrgeräusche.";"[""Stimmt"",""Stimmt teilweise"",""Stimmt nicht""]";NULL;"2018-08-20 11:59:09";"2018-08-20 11:59:09"
"19";"SingleChoice";"mtq11";"[""TRUE"",""PARTLYTRUE"",""NOTTRUE""]";NULL;"1";NULL;NULL;"2018-08-20 11:59:09";"2018-08-20 11:59:09";"38";"19";"en";"I am a victim of my noises.";"[""True"",""Partly true"",""Not true""]";NULL;"2018-08-20 11:59:09";"2018-08-20 11:59:09"
"20";"SingleChoice";"mtq12";"[""TRUE"",""PARTLYTRUE"",""NOTTRUE""]";NULL;"1";NULL;NULL;"2018-08-20 11:59:09";"2018-08-20 11:59:09";"39";"20";"de";"Die Ohrgeräusche haben meine Konzentration beeinträchtigt.";"[""Stimmt"",""Stimmt teilweise"",""Stimmt nicht""]";NULL;"2018-08-20 11:59:09";"2018-08-20 11:59:09"
"20";"SingleChoice";"mtq12";"[""TRUE"",""PARTLYTRUE"",""NOTTRUE""]";NULL;"1";NULL;NULL;"2018-08-20 11:59:09";"2018-08-20 11:59:09";"40";"20";"en";"The noises have affected my concentration.";"[""True"",""Partly true"",""Not true""]";NULL;"2018-08-20 11:59:09";"2018-08-20 11:59:09"
"21";"TextDate";"tschq01";"null";NULL;"1";"PAST";NULL;"2018-08-20 11:59:09";"2018-08-20 11:59:09";"41";"21";"de";"Geburtsdatum";"[]";NULL;"2018-08-20 11:59:09";"2018-08-20 11:59:09"
"21";"TextDate";"tschq01";"null";NULL;"1";"PAST";NULL;"2018-08-20 11:59:09";"2018-08-20 11:59:09";"42";"21";"en";"Date of Birth";"[]";NULL;"2018-08-20 11:59:09";"2018-08-20 11:59:09"
"22";"SingleChoice";"tschq02";"[""MALE"",""FEMALE""]";NULL;"1";NULL;NULL;"2018-08-20 11:59:09";"2018-08-20 11:59:09";"43";"22";"de";"Geschlecht";"[""M\u00e4nnlich"",""Weiblich""]";NULL;"2018-08-20 11:59:09";"2018-08-20 11:59:09"
"22";"SingleChoice";"tschq02";"[""MALE"",""FEMALE""]";NULL;"1";NULL;NULL;"2018-08-20 11:59:09";"2018-08-20 11:59:09";"44";"22";"en";"Gender";"[""Male"",""Female""]";NULL;"2018-08-20 11:59:09";"2018-08-20 11:59:09"
"23";"SingleChoice";"tschq03";"[""RIGHT"",""LEFT"",""BOTH""]";NULL;"1";NULL;NULL;"2018-08-20 11:59:09";"2018-08-20 11:59:09";"45";"23";"de";"Händigkeit";"[""Rechts"",""Links"",""Beidseitig""]";NULL;"2018-08-20 11:59:09";"2018-08-20 11:59:09"
"23";"SingleChoice";"tschq03";"[""RIGHT"",""LEFT"",""BOTH""]";NULL;"1";NULL;NULL;"2018-08-20 11:59:09";"2018-08-20 11:59:09";"46";"23";"en";"Handedness";"[""Right"",""Left"",""Both Sides""]";NULL;"2018-08-20 11:59:09";"2018-08-20 11:59:09"
"24";"YesNoSwitch";"tschq04-1";"[""YES"",""NO""]";NULL;"1";NULL;NULL;"2018-08-20 11:59:09";"2018-08-20 11:59:09";"47";"24";"de";"Tinnitus-Beschwerden in der Familie";"[""Ja"",""Nein""]";NULL;"2018-08-20 11:59:09";"2018-08-20 11:59:09"
"24";"YesNoSwitch";"tschq04-1";"[""YES"",""NO""]";NULL;"1";NULL;NULL;"2018-08-20 11:59:09";"2018-08-20 11:59:09";"48";"24";"en";"Family history of tinnitus complaints";"[""Yes"",""No""]";NULL;"2018-08-20 11:59:09";"2018-08-20 11:59:09"
"25";"MultipleChoice";"tschq04-2";"[""PARENTS"",""SIBLINGS"",""CHILDREN""]";NULL;"0";NULL;NULL;"2018-08-20 11:59:09";"2018-08-20 11:59:09";"49";"25";"de";"Wenn ja";"[""Eltern"",""Geschwister"",""Kinder""]";NULL;"2018-08-20 11:59:09";"2018-08-20 11:59:09"
"25";"MultipleChoice";"tschq04-2";"[""PARENTS"",""SIBLINGS"",""CHILDREN""]";NULL;"0";NULL;NULL;"2018-08-20 11:59:09";"2018-08-20 11:59:09";"50";"25";"en";"If yes";"[""Parents"",""Siblings"",""Children""]";NULL;"2018-08-20 11:59:09";"2018-08-20 11:59:09"
"26";"SingleChoice";"tschq05";"[""3DAYS"",""LESSTHAN6MONTHS"",""6-12MONTHS"",""1-2YEARS"",""3-5YEARS"",""5-10YEARS"",""MORETHAN10YEARS""]";NULL;"1";NULL;NULL;"2018-08-20 11:59:09";"2018-08-20 11:59:09";"51";"26";"de";"Beginn des Tinnitus: Wie lange nehmen Sie den Tinnitus schon wahr?";"[""in den letzten 3 Tagen begonnen"",""weniger als 6 Monate"",""6 - 12 Monate"",""1 - 2 Jahre"",""3 - 5 Jahre"",""5 - 10 Jahre"",""\u00fcber 10 Jahre""]";NULL;"2018-08-20 11:59:09";"2018-08-20 11:59:09"
"26";"SingleChoice";"tschq05";"[""3DAYS"",""LESSTHAN6MONTHS"",""6-12MONTHS"",""1-2YEARS"",""3-5YEARS"",""5-10YEARS"",""MORETHAN10YEARS""]";NULL;"1";NULL;NULL;"2018-08-20 11:59:09";"2018-08-20 11:59:09";"52";"26";"en";"Initial onset: For how long have you been experiencing your tinnitus?";"[""started in the last 3 days"",""less than 6 months"",""6 - 12 years"",""1 - 2 years"",""3 - 5 years"",""5 - 10 years"",""more than 10 years""]";NULL;"2018-08-20 11:59:09";"2018-08-20 11:59:09"
"27";"SingleChoice";"tschq06";"[""GRADUAL"",""ABRUPT""]";NULL;"1";NULL;NULL;"2018-08-20 11:59:09";"2018-08-20 11:59:09";"53";"27";"de";"Wie haben Sie den Beginn wahrgenommen?";"[""Allm\u00e4hlich"",""Unvermittelt""]";NULL;"2018-08-20 11:59:09";"2018-08-20 11:59:09"
"27";"SingleChoice";"tschq06";"[""GRADUAL"",""ABRUPT""]";NULL;"1";NULL;NULL;"2018-08-20 11:59:09";"2018-08-20 11:59:09";"54";"27";"en";"How did you perceive the beginning?";"[""Gradual"",""Abrupt""]";NULL;"2018-08-20 11:59:09";"2018-08-20 11:59:09"
"28";"SingleChoice";"tschq07-1";"[""LOUDBLASTOFSOUND"",""WHIPLASH"",""CHANGEINHEARING"",""STRESS"",""HEADTRAUMA"",""OTHER""]";NULL;"1";NULL;NULL;"2018-08-20 11:59:09";"2018-08-20 11:59:09";"55";"28";"de";"Stand der Beginn Ihres Tinnitus in Verbindung mit";"[""Knalltrauma"",""Verletzung der Halswirbels\u00e4ule"",""Ver\u00e4nderung des H\u00f6rverm\u00f6gens"",""Stress"",""Kopfverletzung"",""Sonstiges""]";NULL;"2018-08-20 11:59:09";"2018-08-20 11:59:09"
"28";"SingleChoice";"tschq07-1";"[""LOUDBLASTOFSOUND"",""WHIPLASH"",""CHANGEINHEARING"",""STRESS"",""HEADTRAUMA"",""OTHER""]";NULL;"1";NULL;NULL;"2018-08-20 11:59:09";"2018-08-20 11:59:09";"56";"28";"en";"Was the initial onset of your tinnitus related to";"[""Loud Blast of Sound"",""Whiplash"",""Change in Hearing"",""Stress"",""Head Trauma"",""Other""]";NULL;"2018-08-20 11:59:09";"2018-08-20 11:59:09"
"29";"TextString";"tschq07-2";"null";NULL;"0";NULL;NULL;"2018-08-20 11:59:09";"2018-08-20 11:59:09";"57";"29";"de";"Wenn Sonstiges";"[]";NULL;"2018-08-20 11:59:09";"2018-08-20 11:59:09"
"29";"TextString";"tschq07-2";"null";NULL;"0";NULL;NULL;"2018-08-20 11:59:09";"2018-08-20 11:59:09";"58";"29";"en";"If other";"[]";NULL;"2018-08-20 11:59:09";"2018-08-20 11:59:09"
"30";"SingleChoice";"tschq08";"[""YESWITHHEARTBEAT"",""YESDIFFERENTFROMHEARTBEAT"",""NO""]";NULL;"1";NULL;NULL;"2018-08-20 11:59:09";"2018-08-20 11:59:09";"59";"30";"de";"Haben Sie das Gefühl, dass Ihr Tinnitus pulsiert?";"[""Ja, im Rhythmus meines Herzschlages"",""Ja, anders als mein Herzschlag"",""Nein""]";NULL;"2018-08-20 11:59:09";"2018-08-20 11:59:09"
"30";"SingleChoice";"tschq08";"[""YESWITHHEARTBEAT"",""YESDIFFERENTFROMHEARTBEAT"",""NO""]";NULL;"1";NULL;NULL;"2018-08-20 11:59:09";"2018-08-20 11:59:09";"60";"30";"en";"Does your tinnitus seem to pulsate?";"[""Yes, with heart beat"",""Yes, different from heart beat"",""No""]";NULL;"2018-08-20 11:59:09";"2018-08-20 11:59:09"
"31";"SingleChoice";"tschq09";"[""RIGHTEAR"",""LEFT EAR"",""BOTHEARSWORSELEFT"",""BOTHEARSWORSERIGHT"",""BOTHEAQUALLY"",""INSIDEHEAD"",""ELSEWHERE""]";NULL;"1";NULL;NULL;"2018-08-20 11:59:09";"2018-08-20 11:59:09";"61";"31";"de";"Wo nehmen Sie Ihren Tinnitus wahr?";"[""Im rechten Ohr"",""Im linken Ohr"",""In beiden Ohren, st\u00e4rker im linken Ohr"",""In beiden Ohren, st\u00e4rker im rechten Ohr"",""In beiden Ohren gleich stark"",""Im Inneren des Kopfes"",""An anderer Stelle""]";NULL;"2018-08-20 11:59:09";"2018-08-20 11:59:09"
"31";"SingleChoice";"tschq09";"[""RIGHTEAR"",""LEFT EAR"",""BOTHEARSWORSELEFT"",""BOTHEARSWORSERIGHT"",""BOTHEAQUALLY"",""INSIDEHEAD"",""ELSEWHERE""]";NULL;"1";NULL;NULL;"2018-08-20 11:59:09";"2018-08-20 11:59:09";"62";"31";"en";"Where do you perceive your tinnitus?";"[""Right ear"",""Left ear"",""Both ears, worse in left"",""Both ears, worse in right"",""Both ears, equally"",""Inside the head"",""Elsewhere""]";NULL;"2018-08-20 11:59:09";"2018-08-20 11:59:09"
"32";"SingleChoice";"tschq10";"[""INTERMITTENT"",""CONSTANT""]";NULL;"1";NULL;NULL;"2018-08-20 11:59:09";"2018-08-20 11:59:09";"63";"32";"de";"Wie ist der Verlauf?";"[""Phasen mit und ohne Tinnitus wechseln sich ab"",""Der Tinnitus ist st\u00e4ndig vorhanden""]";NULL;"2018-08-20 11:59:09";"2018-08-20 11:59:09"
"32";"SingleChoice";"tschq10";"[""INTERMITTENT"",""CONSTANT""]";NULL;"1";NULL;NULL;"2018-08-20 11:59:09";"2018-08-20 11:59:09";"64";"32";"en";"How does your tinnitus manifest itself over time?";"[""Intermittent"",""Constant""]";NULL;"2018-08-20 11:59:09";"2018-08-20 11:59:09"
"33";"YesNoSwitch";"tschq11";"[""YES"",""NO""]";NULL;"1";NULL;NULL;"2018-08-20 11:59:09";"2018-08-20 11:59:09";"65";"33";"de";"Verändert sich die Lautstärke Ihres Tinnitus von Tag zu Tag?";"[""Ja"",""Nein""]";NULL;"2018-08-20 11:59:09";"2018-08-20 11:59:09"
"33";"YesNoSwitch";"tschq11";"[""YES"",""NO""]";NULL;"1";NULL;NULL;"2018-08-20 11:59:09";"2018-08-20 11:59:09";"66";"33";"en";"Does the loudness of the tinnitus vary from day to day?";"[""Yes"",""No""]";NULL;"2018-08-20 11:59:09";"2018-08-20 11:59:09"
"34";"Slider";"tschq12";"{""min"":0,""max"":100,""step"":1}";NULL;"1";NULL;NULL;"2018-08-20 11:59:09";"2018-08-20 11:59:09";"67";"34";"de";"Bitte beschreiben Sie die durchschnittliche Lautstärke Ihres Tinnitus";"[{""value"":0,""label"":""nicht h\u00f6rbar"",""icon"":""\uf026""},{""value"":100,""label"":""maximale Lautst\u00e4rke"",""icon"":""\uf028""}]";NULL;"2018-08-20 11:59:09";"2018-08-20 11:59:09"
"34";"Slider";"tschq12";"{""min"":0,""max"":100,""step"":1}";NULL;"1";NULL;NULL;"2018-08-20 11:59:09";"2018-08-20 11:59:09";"68";"34";"en";"Describe the loudness of your tinnitus";"[{""value"":0,""label"":""not audible"",""icon"":""\uf026""},{""value"":100,""label"":""maximal loudness"",""icon"":""\uf028""}]";NULL;"2018-08-20 11:59:09";"2018-08-20 11:59:09"
"35";"TextString";"tschq13";"null";NULL;"0";NULL;NULL;"2018-08-20 11:59:09";"2018-08-20 11:59:09";"69";"35";"de";"Bitte beschreiben Sie mit eigenen Worten, wie Ihr Tinnitus normalerweise klingt";"[]";NULL;"2018-08-20 11:59:09";"2018-08-20 11:59:09"
"35";"TextString";"tschq13";"null";NULL;"0";NULL;NULL;"2018-08-20 11:59:09";"2018-08-20 11:59:09";"70";"35";"en";"Please describe in your own words what your tinnitus usually sounds like";"[]";NULL;"2018-08-20 11:59:09";"2018-08-20 11:59:09"
"36";"SingleChoice";"tschq14";"[""TONE"",""NOISE"",""CRICKETS"",""OTHER""]";NULL;"1";NULL;NULL;"2018-08-20 11:59:09";"2018-08-20 11:59:09";"71";"36";"de";"Hört sich Ihr Tinnitus eher wie ein Ton an oder eher wie Lärm?";"[""Ton"",""L\u00e4rm"",""Grillen"",""Andere Empfindung""]";NULL;"2018-08-20 11:59:09";"2018-08-20 11:59:09"
"36";"SingleChoice";"tschq14";"[""TONE"",""NOISE"",""CRICKETS"",""OTHER""]";NULL;"1";NULL;NULL;"2018-08-20 11:59:09";"2018-08-20 11:59:09";"72";"36";"en";"Does your tinnitus more sound like a tone or more like noise?";"[""Tone"",""Noise"",""Crickets"",""Other""]";NULL;"2018-08-20 11:59:09";"2018-08-20 11:59:09"
"37";"SingleChoice";"tschq15";"[""VERYHIGH"",""HIGH"",""MEDIUM"",""LOW""]";NULL;"1";NULL;NULL;"2018-08-20 11:59:09";"2018-08-20 11:59:09";"73";"37";"de";"Bitte beschreiben Sie die Frequenz Ihres Tinnitus";"[""Sehr hohe Frequenz"",""Hohe Frequenz"",""Mittlere Frequenz"",""Niedrige Frequenz""]";NULL;"2018-08-20 11:59:09";"2018-08-20 11:59:09"
"37";"SingleChoice";"tschq15";"[""VERYHIGH"",""HIGH"",""MEDIUM"",""LOW""]";NULL;"1";NULL;NULL;"2018-08-20 11:59:09";"2018-08-20 11:59:09";"74";"37";"en";"Please describe the pitch of your tinnitus";"[""Very high frequency"",""High frequency"",""Medium frequency"",""Low frequency""]";NULL;"2018-08-20 11:59:09";"2018-08-20 11:59:09"
"38";"Slider";"tschq16";"{""min"":0,""max"":100,""step"":1}";NULL;"1";NULL;NULL;"2018-08-20 11:59:09";"2018-08-20 11:59:09";"75";"38";"de";"Wieviel Prozent der Zeit waren Sie sich im letzten Monat Ihres Tinnitus bewusst? 100% bedeuten, dass Sie sich Ihres Tinnitus im vergangenen Monat immer bewusst waren und 25% würden bedeuten, dass Sie ein Viertel der Zeit Ihren Tinnitus bewusst wahr genommen haben.?";"[{""value"":0,""label"":""nie""},{""value"":100,""label"":""die ganze Zeit""}]";NULL;"2018-08-20 11:59:09";"2018-08-20 11:59:09"
"38";"Slider";"tschq16";"{""min"":0,""max"":100,""step"":1}";NULL;"1";NULL;NULL;"2018-08-20 11:59:09";"2018-08-20 11:59:09";"76";"38";"en";"What percent of your total awake time, over the last month, have you been aware of your tinnitus? For example, 100% would indicate that you were aware of your tinnitus all the time, 25% would indicate that you were aware of your tinnitus 1/4 of the time.";"[{""value"":0,""label"":""never""},{""value"":100,""label"":""all the time""}]";NULL;"2018-08-20 11:59:09";"2018-08-20 11:59:09"
"39";"Slider";"tschq17";"{""min"":0,""max"":100,""step"":1}";NULL;"1";NULL;NULL;"2018-08-20 11:59:09";"2018-08-20 11:59:09";"77";"39";"de";"Wieviel Prozent der Zeit im letzten Monat haben Sie sich über Ihren Tinnitus geärgert, bzw. waren Sie wegen des Tinnitus unglücklich oder genervt?";"[{""value"":0,""label"":""nie""},{""value"":100,""label"":""die ganze Zeit""}]";NULL;"2018-08-20 11:59:09";"2018-08-20 11:59:09"
"39";"Slider";"tschq17";"{""min"":0,""max"":100,""step"":1}";NULL;"1";NULL;NULL;"2018-08-20 11:59:09";"2018-08-20 11:59:09";"78";"39";"en";"What percent of your total awake time, over the last month, have you been annoyed, distressed, or irritated of your tinnitus?";"[{""value"":0,""label"":""never""},{""value"":100,""label"":""all the time""}]";NULL;"2018-08-20 11:59:09";"2018-08-20 11:59:09"
"40";"SingleChoice";"tschq18";"[""NONE"",""ONE"",""2TO4"",""5ANDMORE""]";NULL;"1";NULL;NULL;"2018-08-20 11:59:09";"2018-08-20 11:59:09";"79";"40";"de";"Wie vielen verschiedenen Behandlungen haben Sie sich unterzogen aufgrund Ihres Tinnitus?";"[""Keine"",""Eine"",""2 - 4"",""5 oder mehr""]";NULL;"2018-08-20 11:59:09";"2018-08-20 11:59:09"
"40";"SingleChoice";"tschq18";"[""NONE"",""ONE"",""2TO4"",""5ANDMORE""]";NULL;"1";NULL;NULL;"2018-08-20 11:59:09";"2018-08-20 11:59:09";"80";"40";"en";"How many different treatments have you undergone because of your tinnitus?";"[""None"",""One"",""2 - 4"",""5 and more""]";NULL;"2018-08-20 11:59:09";"2018-08-20 11:59:09"
"41";"SingleChoice";"tschq19";"[""YES"",""NO"",""IDONTKNOW""]";NULL;"1";NULL;NULL;"2018-08-20 11:59:09";"2018-08-20 11:59:09";"81";"41";"de";"Wird die Lautstärke Ihres Tinnitus durch bestimmte Arten von Umgebungsgeräuschen reduziert bzw. überdeckt, wie zum Beispieldurch das Rauschen eines Wasserfalls oder das Geräusch fliessenden Wassers, wenn Sie unter der Dusche stehen?";"[""Ja"",""Nein"",""Ich weiss es nicht""]";NULL;"2018-08-20 11:59:09";"2018-08-20 11:59:09"
"41";"SingleChoice";"tschq19";"[""YES"",""NO"",""IDONTKNOW""]";NULL;"1";NULL;NULL;"2018-08-20 11:59:09";"2018-08-20 11:59:09";"82";"41";"en";"Is your tinnitus reduced by music or by certain types of environmental sounds such as the noise of a waterfall or the noise of running water when you are standing in the shower?";"[""Yes"",""No"",""I don't know""]";NULL;"2018-08-20 11:59:09";"2018-08-20 11:59:09"
"42";"SingleChoice";"tschq20";"[""YES"",""NO"",""IDONTKNOW""]";NULL;"1";NULL;NULL;"2018-08-20 11:59:09";"2018-08-20 11:59:09";"83";"42";"de";"Verschlechtert starker Lärm Ihren Tinnitus?";"[""Ja"",""Nein"",""Ich weiss es nicht""]";NULL;"2018-08-20 11:59:09";"2018-08-20 11:59:09"
"42";"SingleChoice";"tschq20";"[""YES"",""NO"",""IDONTKNOW""]";NULL;"1";NULL;NULL;"2018-08-20 11:59:09";"2018-08-20 11:59:09";"84";"42";"en";"Does the presence of loud noise make your tinnitus worse?";"[""Yes"",""No"",""I don't know""]";NULL;"2018-08-20 11:59:09";"2018-08-20 11:59:09"
"43";"YesNoSwitch";"tschq21";"[""YES"",""NO""]";NULL;"1";NULL;NULL;"2018-08-20 11:59:09";"2018-08-20 11:59:09";"85";"43";"de";"Beeinflusst eine Bewegung Ihres Kopfes und/oder Ihres Nackens (zum Beispiel das Vorschieben des Kiefers oder das Zusammenbeissen der Zähne) oder eine Berührung Ihrer Arme, Hände oder Ihres Kopfes Ihren Tinnitus?";"[""Ja"",""Nein""]";NULL;"2018-08-20 11:59:09";"2018-08-20 11:59:09"
"43";"YesNoSwitch";"tschq21";"[""YES"",""NO""]";NULL;"1";NULL;NULL;"2018-08-20 11:59:09";"2018-08-20 11:59:09";"86";"43";"en";"Does any head and neck movement (e.g. moving the jaw forward or clenching the teeth), or having your arms/hands or head touched, affect your tinnitus?";"[""Yes"",""No""]";NULL;"2018-08-20 11:59:09";"2018-08-20 11:59:09"
"44";"SingleChoice";"tschq22";"[""WORSENSTINNITUS"",""REDUCESTINNITUS"",""NOEFFECT""]";NULL;"1";NULL;NULL;"2018-08-20 11:59:09";"2018-08-20 11:59:09";"87";"44";"de";"Beeinflusst ein kurzer Schlaf während des Tages (z.B. Mittagsschlaf) Ihren Tinnitus?";"[""Verst\u00e4rkt meinen Tinnitus"",""Vermindert meinen Tinnitus"",""Hat keine Auswirkung""]";NULL;"2018-08-20 11:59:09";"2018-08-20 11:59:09"
"44";"SingleChoice";"tschq22";"[""WORSENSTINNITUS"",""REDUCESTINNITUS"",""NOEFFECT""]";NULL;"1";NULL;NULL;"2018-08-20 11:59:09";"2018-08-20 11:59:09";"88";"44";"en";"Does taking a nap during the day affect your tinnitus?";"[""Worsens my tinnitus"",""Reduces my tinnitus"",""Has no effect""]";NULL;"2018-08-20 11:59:09";"2018-08-20 11:59:09"
"45";"SingleChoice";"tschq23";"[""YES"",""NO"",""IDONTKNOW""]";NULL;"1";NULL;NULL;"2018-08-20 11:59:09";"2018-08-20 11:59:09";"89";"45";"de";"Besteht eine Verbindung zwischen Ihrem Nachtschlaf und Ihrem Tinnitus während des Tages?";"[""Ja"",""Nein"",""Ich weiss es nicht""]";NULL;"2018-08-20 11:59:09";"2018-08-20 11:59:09"
"45";"SingleChoice";"tschq23";"[""YES"",""NO"",""IDONTKNOW""]";NULL;"1";NULL;NULL;"2018-08-20 11:59:09";"2018-08-20 11:59:09";"90";"45";"en";"Is there any relationship between sleep at night and your tinnitus during the day?";"[""Yes"",""No"",""I don\u2019t know""]";NULL;"2018-08-20 11:59:09";"2018-08-20 11:59:09"
"46";"SingleChoice";"tschq24";"[""WORSENSTINNITUS"",""REDUCESTINNITUS"",""NOEFFECT""]";NULL;"1";NULL;NULL;"2018-08-20 11:59:09";"2018-08-20 11:59:09";"91";"46";"de";"Hat Stress Einfluss auf Ihren Tinnitus?";"[""Verst\u00e4rkt meinen Tinnitus"",""Vermindert meinen Tinnitus"",""Hat keine Auswirkung""]";NULL;"2018-08-20 11:59:09";"2018-08-20 11:59:09"
"46";"SingleChoice";"tschq24";"[""WORSENSTINNITUS"",""REDUCESTINNITUS"",""NOEFFECT""]";NULL;"1";NULL;NULL;"2018-08-20 11:59:09";"2018-08-20 11:59:09";"92";"46";"en";"Does stress influence your tinnitus?";"[""Worsens my tinnitus"",""Reduces my tinnitus"",""Has no effect""]";NULL;"2018-08-20 11:59:09";"2018-08-20 11:59:09"
"47";"TextArea";"tschq25";"null";NULL;"0";NULL;NULL;"2018-08-20 11:59:09";"2018-08-20 11:59:09";"93";"47";"de";"Beeinflusst die Behandlung mit Medikamenten Ihren Tinnitus? (Medikamente / Effekt / Details)";"[]";NULL;"2018-08-20 11:59:09";"2018-08-20 11:59:09"
"47";"TextArea";"tschq25";"null";NULL;"0";NULL;NULL;"2018-08-20 11:59:09";"2018-08-20 11:59:09";"94";"47";"en";"Does medication have an effect on your tinnitus? (Medication / Effect / Details)";"[]";NULL;"2018-08-20 11:59:09";"2018-08-20 11:59:09"
"48";"SingleChoice";"tschq28";"[""NEVER"",""RARELY"",""SOMETIMES"",""USUALLY"",""ALWAYS""]";NULL;"1";NULL;NULL;"2018-08-20 11:59:09";"2018-08-20 11:59:09";"95";"48";"de";"Fühlen Sie sich besonders geräuschempfindlich? Fühlen Sie sich beispielsweise gestört durch Geräusche, die anderen Menschen in Ihrer Umgebung nicht störend laut vorkommen?";"[""Niemals"",""Selten"",""Manchmal"",""Gew\u00f6hnlich"",""Immer""]";NULL;"2018-08-20 11:59:09";"2018-08-20 11:59:09"
"48";"SingleChoice";"tschq28";"[""NEVER"",""RARELY"",""SOMETIMES"",""USUALLY"",""ALWAYS""]";NULL;"1";NULL;NULL;"2018-08-20 11:59:09";"2018-08-20 11:59:09";"96";"48";"en";"Do you have a problem tolerating sounds because they often seem much too loud? That is, do you often find too loud or hurtful sounds which other people around you find quite comfortable?";"[""Never"",""Rarely"",""Sometimes"",""Usually"",""Always""]";NULL;"2018-08-20 11:59:09";"2018-08-20 11:59:09"
"49";"SingleChoice";"tschq29";"[""YES"",""NO"",""IDONTKNOW""]";NULL;"1";NULL;NULL;"2018-08-20 11:59:09";"2018-08-20 11:59:09";"97";"49";"de";"Führen laute Geräusche bei Ihnen zu Schmerz-ähnlichem Empfinden oder zu körperlichem Unwohlsein?";"[""Ja"",""Nein"",""Ich weiss es nicht""]";NULL;"2018-08-20 11:59:09";"2018-08-20 11:59:09"
"49";"SingleChoice";"tschq29";"[""YES"",""NO"",""IDONTKNOW""]";NULL;"1";NULL;NULL;"2018-08-20 11:59:09";"2018-08-20 11:59:09";"98";"49";"en";"Do sounds cause you pain or physical discomfort?";"[""Yes"",""No"",""I don't know""]";NULL;"2018-08-20 11:59:09";"2018-08-20 11:59:09"
"50";"YesNoSwitch";"tschq30";"[""YES"",""NO""]";NULL;"1";NULL;NULL;"2018-08-20 11:59:09";"2018-08-20 11:59:09";"99";"50";"de";"Leiden Sie unter Kopfschmerzen?";"[""Ja"",""Nein""]";NULL;"2018-08-20 11:59:09";"2018-08-20 11:59:09"
"50";"YesNoSwitch";"tschq30";"[""YES"",""NO""]";NULL;"1";NULL;NULL;"2018-08-20 11:59:09";"2018-08-20 11:59:09";"100";"50";"en";"Do you suffer from headache?";"[""Yes"",""No""]";NULL;"2018-08-20 11:59:09";"2018-08-20 11:59:09"
"51";"YesNoSwitch";"tschq31";"[""YES"",""NO""]";NULL;"1";NULL;NULL;"2018-08-20 11:59:09";"2018-08-20 11:59:09";"101";"51";"de";"Leiden Sie unter Schwindel?";"[""Ja"",""Nein""]";NULL;"2018-08-20 11:59:09";"2018-08-20 11:59:09"
"51";"YesNoSwitch";"tschq31";"[""YES"",""NO""]";NULL;"1";NULL;NULL;"2018-08-20 11:59:09";"2018-08-20 11:59:09";"102";"51";"en";"Do you suffer from vertigo or dizziness?";"[""Yes"",""No""]";NULL;"2018-08-20 11:59:09";"2018-08-20 11:59:09"
"52";"YesNoSwitch";"tschq32";"[""YES"",""NO""]";NULL;"1";NULL;NULL;"2018-08-20 11:59:09";"2018-08-20 11:59:09";"103";"52";"de";"Haben Sie Beschwerden im Bereich Ihres Kiefergelenkes oder Ihrer Kaumuskulatur?";"[""Ja"",""Nein""]";NULL;"2018-08-20 11:59:09";"2018-08-20 11:59:09"
"52";"YesNoSwitch";"tschq32";"[""YES"",""NO""]";NULL;"1";NULL;NULL;"2018-08-20 11:59:09";"2018-08-20 11:59:09";"104";"52";"en";"Do you suffer from temporomandibular disorder?";"[""Yes"",""No""]";NULL;"2018-08-20 11:59:09";"2018-08-20 11:59:09"
"53";"YesNoSwitch";"tschq33";"[""YES"",""NO""]";NULL;"1";NULL;NULL;"2018-08-20 11:59:09";"2018-08-20 11:59:09";"105";"53";"de";"Leiden Sie unter Nackenschmerzen?";"[""Ja"",""Nein""]";NULL;"2018-08-20 11:59:09";"2018-08-20 11:59:09"
"53";"YesNoSwitch";"tschq33";"[""YES"",""NO""]";NULL;"1";NULL;NULL;"2018-08-20 11:59:09";"2018-08-20 11:59:09";"106";"53";"en";"Do you suffer from neck pain?";"[""Yes"",""No""]";NULL;"2018-08-20 11:59:09";"2018-08-20 11:59:09"
"54";"YesNoSwitch";"tschq34";"[""YES"",""NO""]";NULL;"1";NULL;NULL;"2018-08-20 11:59:09";"2018-08-20 11:59:09";"107";"54";"de";"Leiden Sie unter anderen Schmerzen?";"[""Ja"",""Nein""]";NULL;"2018-08-20 11:59:09";"2018-08-20 11:59:09"
"54";"YesNoSwitch";"tschq34";"[""YES"",""NO""]";NULL;"1";NULL;NULL;"2018-08-20 11:59:09";"2018-08-20 11:59:09";"108";"54";"en";"Do you suffer from other pain syndromes?";"[""Yes"",""No""]";NULL;"2018-08-20 11:59:09";"2018-08-20 11:59:09"
"55";"YesNoSwitch";"tschq35";"[""YES"",""NO""]";NULL;"1";NULL;NULL;"2018-08-20 11:59:09";"2018-08-20 11:59:09";"109";"55";"de";"Befinden Sie Sich momentan in psychiatrischer Behandlung?";"[""Ja"",""Nein""]";NULL;"2018-08-20 11:59:09";"2018-08-20 11:59:09"
"55";"YesNoSwitch";"tschq35";"[""YES"",""NO""]";NULL;"1";NULL;NULL;"2018-08-20 11:59:09";"2018-08-20 11:59:09";"110";"55";"en";"Are you currently under treatment for psychiatric problems?";"[""Yes"",""No""]";NULL;"2018-08-20 11:59:09";"2018-08-20 11:59:09"
"56";"SingleChoice";"hq01";"[""NEVER"",""RARELY"",""SOMETIMES"",""OFTEN"",""ALWAYS""]";NULL;"1";NULL;NULL;"2018-08-20 11:59:09";"2018-08-20 11:59:09";"111";"56";"de";"Wie häufig haben Sie Schwierigkeiten mit dem Hören?";"[""Niemals"",""Selten"",""Gelegentlich"",""Oft"",""Immer""]";NULL;"2018-08-20 11:59:09";"2018-08-20 11:59:09"
"56";"SingleChoice";"hq01";"[""NEVER"",""RARELY"",""SOMETIMES"",""OFTEN"",""ALWAYS""]";NULL;"1";NULL;NULL;"2018-08-20 11:59:09";"2018-08-20 11:59:09";"112";"56";"en";"How often do you have hearing problems?";"[""Never"",""Rarely"",""Sometimes"",""Often"",""Always""]";NULL;"2018-08-20 11:59:09";"2018-08-20 11:59:09"
"57";"SingleChoice";"hq02";"[""NOTATALL"",""RARELY"",""SOMETIMES"",""OFTEN"",""ALWAYS""]";NULL;"1";NULL;NULL;"2018-08-20 11:59:09";"2018-08-20 11:59:09";"113";"57";"de";"Wie sehr beeinträchtigen Sie Schwierigkeiten mit dem Hören?";"[""Gar nicht"",""Wenig"",""Mittelm\u00e4ssig"",""\u00dcberwiegend"",""V\u00f6llig""]";NULL;"2018-08-20 11:59:09";"2018-08-20 11:59:09"
"57";"SingleChoice";"hq02";"[""NOTATALL"",""RARELY"",""SOMETIMES"",""OFTEN"",""ALWAYS""]";NULL;"1";NULL;NULL;"2018-08-20 11:59:09";"2018-08-20 11:59:09";"114";"57";"en";"How much do your hearing problems affect you?";"[""Not at all"",""Little"",""Moderately"",""Largely"",""Entirely""]";NULL;"2018-08-20 11:59:09";"2018-08-20 11:59:09"
"58";"YesNoSwitch";"hq03";"[""YES"",""NO""]";NULL;"1";NULL;NULL;"2018-08-20 11:59:09";"2018-08-20 11:59:09";"115";"58";"de";"Wurde bei Ihnen ein Hörverlust durch einen HNO-Arzt oder Akustiker festgestellt?";"[""Ja"",""Nein""]";NULL;"2018-08-20 11:59:09";"2018-08-20 11:59:09"
"58";"YesNoSwitch";"hq03";"[""YES"",""NO""]";NULL;"1";NULL;NULL;"2018-08-20 11:59:09";"2018-08-20 11:59:09";"116";"58";"en";"Did an ENT physician or acoustician diagnose you with a hearing loss?";"[""Yes"",""No""]";NULL;"2018-08-20 11:59:09";"2018-08-20 11:59:09"
"59";"SingleChoice";"hq04";"[""NO"",""BOTH"",""LEFT"",""RIGHT""]";NULL;"1";NULL;NULL;"2018-08-20 11:59:09";"2018-08-20 11:59:09";"117";"59";"de";"Benutzen Sie ein Hörgerät?";"[""Nein"",""Ja, auf beiden Seiten"",""Ja, auf der linken Seite"",""Ja, auf der rechten Seite""]";NULL;"2018-08-20 11:59:09";"2018-08-20 11:59:09"
"59";"SingleChoice";"hq04";"[""NO"",""BOTH"",""LEFT"",""RIGHT""]";NULL;"1";NULL;NULL;"2018-08-20 11:59:09";"2018-08-20 11:59:09";"118";"59";"en";"Do you wear hearing aids?";"[""No"",""Yes, on both sides"",""Yes, on the right"",""Yes, on the left""]";NULL;"2018-08-20 11:59:09";"2018-08-20 11:59:09"
"60";"TextString";"hq05";"null";NULL;"0";NULL;NULL;"2018-08-20 11:59:09";"2018-08-20 11:59:09";"119";"60";"de";"Wenn ja, welches Hörgerät tragen Sie?";"[]";NULL;"2018-08-20 11:59:09";"2018-08-20 11:59:09"
"60";"TextString";"hq05";"null";NULL;"0";NULL;NULL;"2018-08-20 11:59:09";"2018-08-20 11:59:09";"120";"60";"en";"If yes, which hearing aids do you wear?";"[]";NULL;"2018-08-20 11:59:09";"2018-08-20 11:59:09"
"61";"SingleChoice";"hq06";"[""REGULARLY"",""SOMETIMES"",""RARELY""]";NULL;"0";NULL;NULL;"2018-08-20 11:59:09";"2018-08-20 11:59:09";"121";"61";"de";"Wenn ja, wie häufig tragen sie ihr Hörgerät?";"[""Regelm\u00e4ssig"",""Manchmal"",""Selten""]";NULL;"2018-08-20 11:59:09";"2018-08-20 11:59:09"
"61";"SingleChoice";"hq06";"[""REGULARLY"",""SOMETIMES"",""RARELY""]";NULL;"0";NULL;NULL;"2018-08-20 11:59:09";"2018-08-20 11:59:09";"122";"61";"en";"If yes, how often do you wear your hearing aids?";"[""Regularly"",""Sometimes"",""Rarely""]";NULL;"2018-08-20 11:59:09";"2018-08-20 11:59:09"
"62";"MultipleChoice";"let01";"[""NONE"",""NEWJOB"",""COMPANYSTARTUP"",""PROFESSIONALSUCCESS"",""CHANGEAREAOFRESPONSIBILITY"",""CHANGEWORKINGCONDITIONS"",""RETIREMENT"",""TROUBLESWITHSUPERVISOR"",""JOBLOSS""]";NULL;"1";NULL;NULL;"2018-08-20 11:59:09";"2018-08-20 11:59:09";"123";"62";"de";"Veränderungen der beruflichen Situation";"[""Keine Ver\u00e4nderung in den letzten 4 Wochen"",""Beginn eines neuen Jobs oder Berufswechsel"",""Start eines eigenen Unternehmens"",""gro\u00dfer beruflicher Erfolg"",""deutliche Ver\u00e4nderung des beruflichen Verantwortungsbereichs"",""deutliche Ver\u00e4nderung der Arbeitszeiten oder -bedingungen"",""Pensionierung"",""\u00c4rger mit dem Vorgesetzten"",""Verlust des Arbeitsplatzes oder Ende der unternehmerischen T\u00e4tigkeit""]";NULL;"2018-08-20 11:59:09";"2018-08-20 11:59:09"
"62";"MultipleChoice";"let01";"[""NONE"",""NEWJOB"",""COMPANYSTARTUP"",""PROFESSIONALSUCCESS"",""CHANGEAREAOFRESPONSIBILITY"",""CHANGEWORKINGCONDITIONS"",""RETIREMENT"",""TROUBLESWITHSUPERVISOR"",""JOBLOSS""]";NULL;"1";NULL;NULL;"2018-08-20 11:59:09";"2018-08-20 11:59:09";"124";"62";"en";"Veränderungen der beruflichen Situation";"[""Keine Ver\u00e4nderung in den letzten 4 Wochen"",""Beginn eines neuen Jobs oder Berufswechsel"",""Start eines eigenen Unternehmens"",""gro\u00dfer beruflicher Erfolg"",""deutliche Ver\u00e4nderung des beruflichen Verantwortungsbereichs"",""deutliche Ver\u00e4nderung der Arbeitszeiten oder -bedingungen"",""Pensionierung"",""\u00c4rger mit dem Vorgesetzten"",""Verlust des Arbeitsplatzes oder Ende der unternehmerischen T\u00e4tigkeit""]";NULL;"2018-08-20 11:59:09";"2018-08-20 11:59:09"
"63";"MultipleChoice";"let02";"[""NONE"",""BEGINNSCHOOL"",""CHANGESCHOOL"",""PERFORMANCETEST"",""FINISHSCHOOL"",""DROPOUTSCHOOL""]";NULL;"1";NULL;NULL;"2018-08-20 11:59:09";"2018-08-20 11:59:09";"125";"63";"de";"Veränderungen in Schule, Ausbildung, Studium";"[""Keine Ver\u00e4nderung in den letzten 4 Wochen"",""Beginn der Schule, Ausbildung oder Studium"",""Wechel der Schule, Ausbildung oder Studium"",""wichtiger Leistungstest"",""Abschluss von Schule, Ausbildung oder Studium"",""Abbruch von Schule, Ausbildung oder Studium""]";NULL;"2018-08-20 11:59:09";"2018-08-20 11:59:09"
"63";"MultipleChoice";"let02";"[""NONE"",""BEGINNSCHOOL"",""CHANGESCHOOL"",""PERFORMANCETEST"",""FINISHSCHOOL"",""DROPOUTSCHOOL""]";NULL;"1";NULL;NULL;"2018-08-20 11:59:09";"2018-08-20 11:59:09";"126";"63";"en";"Veränderungen in Schule, Ausbildung, Studium";"[""Keine Ver\u00e4nderung in den letzten 4 Wochen"",""Beginn der Schule, Ausbildung oder Studium"",""Wechel der Schule, Ausbildung oder Studium"",""wichtiger Leistungstest"",""Abschluss von Schule, Ausbildung oder Studium"",""Abbruch von Schule, Ausbildung oder Studium""]";NULL;"2018-08-20 11:59:09";"2018-08-20 11:59:09"
"64";"MultipleChoice";"let03";"[""NONE"",""MOVE"",""SOCIAL"",""RELIGION"",""SLEEP"",""LEISURE"",""NUTRITION"",""LIVINGSTANDARD"",""IMPRISONMENT""]";NULL;"1";NULL;NULL;"2018-08-20 11:59:09";"2018-08-20 11:59:09";"127";"64";"de";"Veränderungen der persönlichen Lebenssituation";"[""Keine Ver\u00e4nderung in den letzten 4 Wochen"",""Umzug"",""deutliche \u00c4nderung der gesellschaftlichen Gewohnheiten"",""deutliche \u00c4nderung der religi\u00f6sen Gewohnheiten"",""deutliche \u00c4nderung der Schlafgewohnheiten"",""deutliche \u00c4nderung der Freizeitgestaltung"",""deutliche \u00c4nderung der Ern\u00e4hrungsgewohnheiten"",""deutliche \u00c4nderung des Lebensstandards"",""Haftstrafe""]";NULL;"2018-08-20 11:59:09";"2018-08-20 11:59:09"
"64";"MultipleChoice";"let03";"[""NONE"",""MOVE"",""SOCIAL"",""RELIGION"",""SLEEP"",""LEISURE"",""NUTRITION"",""LIVINGSTANDARD"",""IMPRISONMENT""]";NULL;"1";NULL;NULL;"2018-08-20 11:59:09";"2018-08-20 11:59:09";"128";"64";"en";"Veränderungen der persönlichen Lebenssituation";"[""Keine Ver\u00e4nderung in den letzten 4 Wochen"",""Umzug"",""deutliche \u00c4nderung der gesellschaftlichen Gewohnheiten"",""deutliche \u00c4nderung der religi\u00f6sen Gewohnheiten"",""deutliche \u00c4nderung der Schlafgewohnheiten"",""deutliche \u00c4nderung der Freizeitgestaltung"",""deutliche \u00c4nderung der Ern\u00e4hrungsgewohnheiten"",""deutliche \u00c4nderung des Lebensstandards"",""Haftstrafe""]";NULL;"2018-08-20 11:59:09";"2018-08-20 11:59:09"
"65";"MultipleChoice";"let04";"[""NONE"",""ACCIDENT"",""ILLNESS"",""SEXUALDIFFICULTIES"",""NATURALDISASTER"",""FIREEXPLOSION"",""VIOLCENCE"",""BURGLARY"",""SEXUALASSAULT"",""WAR"",""DEATHFRIENDFAMILY"",""DEATHCOMPANION""]";NULL;"1";NULL;NULL;"2018-08-20 11:59:09";"2018-08-20 11:59:09";"129";"65";"de";"Bedrohungen für Leib und Leben";"[""Keine Ver\u00e4nderung in den letzten 4 Wochen"",""schwerer Unfall oder Verletzung"",""schwere Krankheit"",""sexuelle Schwierigkeiten"",""Naturkatastrophe (z.B. \u00dcberschwemmung, Sturm, Erdbeben)"",""Feuer oder Explosion"",""Opfer einer Gewalttat"",""Einbruch"",""sexueller \u00dcbergriff"",""Kampf- oder Kriegshandlungen"",""Tod eines nahen Freundes oder Familienangeh\u00f6rigen"",""Tod des Lebenspartners""]";NULL;"2018-08-20 11:59:09";"2018-08-20 11:59:09"
"65";"MultipleChoice";"let04";"[""NONE"",""ACCIDENT"",""ILLNESS"",""SEXUALDIFFICULTIES"",""NATURALDISASTER"",""FIREEXPLOSION"",""VIOLCENCE"",""BURGLARY"",""SEXUALASSAULT"",""WAR"",""DEATHFRIENDFAMILY"",""DEATHCOMPANION""]";NULL;"1";NULL;NULL;"2018-08-20 11:59:09";"2018-08-20 11:59:09";"130";"65";"en";"Bedrohungen für Leib und Leben";"[""Keine Ver\u00e4nderung in den letzten 4 Wochen"",""schwerer Unfall oder Verletzung"",""schwere Krankheit"",""sexuelle Schwierigkeiten"",""Naturkatastrophe (z.B. \u00dcberschwemmung, Sturm, Erdbeben)"",""Feuer oder Explosion"",""Opfer einer Gewalttat"",""Einbruch"",""sexueller \u00dcbergriff"",""Kampf- oder Kriegshandlungen"",""Tod eines nahen Freundes oder Familienangeh\u00f6rigen"",""Tod des Lebenspartners""]";NULL;"2018-08-20 11:59:09";"2018-08-20 11:59:09"
"66";"MultipleChoice";"let05";"[""NONE"",""CHANGEINCOME"",""RAISECREDIT"",""ENDCREDIT"",""BIGPURCHASE"",""BIGSALE"",""CRIME""]";NULL;"1";NULL;NULL;"2018-08-20 11:59:09";"2018-08-20 11:59:09";"131";"66";"de";"Veränderung der finanziellen Situation";"[""Keine Ver\u00e4nderung in den letzten 4 Wochen"",""erhebliche Einkommensver\u00e4nderung"",""Aufnahme eines gro\u00dfen Kredits"",""Ende eines Kredits"",""Kauf eines Hauses oder andere gro\u00dfe Anschaffung"",""Verkauf eines Hauses oder anderer gro\u00dfer Verkauf"",""Opfer eines Verbrechens (Betrug, Einbruch, Diebstahl)""]";NULL;"2018-08-20 11:59:09";"2018-08-20 11:59:09"
"66";"MultipleChoice";"let05";"[""NONE"",""CHANGEINCOME"",""RAISECREDIT"",""ENDCREDIT"",""BIGPURCHASE"",""BIGSALE"",""CRIME""]";NULL;"1";NULL;NULL;"2018-08-20 11:59:09";"2018-08-20 11:59:09";"132";"66";"en";"Veränderung der finanziellen Situation";"[""Keine Ver\u00e4nderung in den letzten 4 Wochen"",""erhebliche Einkommensver\u00e4nderung"",""Aufnahme eines gro\u00dfen Kredits"",""Ende eines Kredits"",""Kauf eines Hauses oder andere gro\u00dfe Anschaffung"",""Verkauf eines Hauses oder anderer gro\u00dfer Verkauf"",""Opfer eines Verbrechens (Betrug, Einbruch, Diebstahl)""]";NULL;"2018-08-20 11:59:09";"2018-08-20 11:59:09"
"67";"MultipleChoice";"let06";"[""NONE"",""MARRIAGE"",""ADDITIONTOFAMILY"",""STARTSCHOOLCHILD"",""CHILDLEAVINGHOME"",""CHANGEHEALTHFAMILY"",""SEPARATION"",""TROUBLERELATIVES"",""CHANGEJOBCOMPANION"",""CHANGEFREQUENCYFAMILYCONTACTS"",""INCREASECONFLICTSFAMILY"",""RECONCILIATIONCOMPANIONFAMILY""]";NULL;"1";NULL;NULL;"2018-08-20 11:59:09";"2018-08-20 11:59:09";"133";"67";"de";"Veränderungen der familiären Situation oder Lebenspartnerschaft";"[""Keine Ver\u00e4nderung in den letzten 4 Wochen"",""Heirat"",""Familienzuwachs, Schwangerschaft"",""Schulbeginn des Kindes"",""Kinder verlassen das Elternhaus"",""deutliche \u00c4nderung des Gesundheitszustandes eines Familienangh\u00f6rigen"",""Scheidung oder Trennung"",""\u00c4rger mit der Verwandtschaft"",""Anfang oder Ende der Berufst\u00e4tigkeit des Lebenspartners"",""deutliche \u00c4nderung der H\u00e4ufigkeit famili\u00e4rer Kontakte"",""deutliche Zunahme der Auseinandersetzungen mit Familienangeh\u00f6rigen"",""Auss\u00f6hnung mit Lebensparter oder Familienangeh\u00f6rigen""]";NULL;"2018-08-20 11:59:09";"2018-08-20 11:59:09"
"67";"MultipleChoice";"let06";"[""NONE"",""MARRIAGE"",""ADDITIONTOFAMILY"",""STARTSCHOOLCHILD"",""CHILDLEAVINGHOME"",""CHANGEHEALTHFAMILY"",""SEPARATION"",""TROUBLERELATIVES"",""CHANGEJOBCOMPANION"",""CHANGEFREQUENCYFAMILYCONTACTS"",""INCREASECONFLICTSFAMILY"",""RECONCILIATIONCOMPANIONFAMILY""]";NULL;"1";NULL;NULL;"2018-08-20 11:59:09";"2018-08-20 11:59:09";"134";"67";"en";"Veränderungen der familiären Situation oder Lebenspartnerschaft";"[""Keine Ver\u00e4nderung in den letzten 4 Wochen"",""Heirat"",""Familienzuwachs, Schwangerschaft"",""Schulbeginn des Kindes"",""Kinder verlassen das Elternhaus"",""deutliche \u00c4nderung des Gesundheitszustandes eines Familienangh\u00f6rigen"",""Scheidung oder Trennung"",""\u00c4rger mit der Verwandtschaft"",""Anfang oder Ende der Berufst\u00e4tigkeit des Lebenspartners"",""deutliche \u00c4nderung der H\u00e4ufigkeit famili\u00e4rer Kontakte"",""deutliche Zunahme der Auseinandersetzungen mit Familienangeh\u00f6rigen"",""Auss\u00f6hnung mit Lebensparter oder Familienangeh\u00f6rigen""]";NULL;"2018-08-20 11:59:09";"2018-08-20 11:59:09"
"68";"MultipleChoice";"tt01a";"[""NONE"",""HEARINGDEVICE"",""COCHLEAIMPLANT"",""MASKER"",""COMBINATION"",""OTHER""]";NULL;"1";NULL;NULL;"2018-08-20 11:59:09";"2018-08-20 11:59:09";"135";"68";"de";"Haben Sie in den letzten 4 Wochen am oder im Ohr ein Gerät getragen, das ihr Hören oder ihren Tinnitus verbessern soll?";"[""Ich habe keines dieser Ger\u00e4te verwendet"",""H\u00f6rger\u00e4t"",""Cochlea-Implantat"",""Rauschger\u00e4t (auch Masker oder Noiser genannt)"",""Kombinationsger\u00e4t (H\u00f6rger\u00e4t und Rauschger\u00e4t im selben Ger\u00e4t)"",""Anderes Ger\u00e4t zur H\u00f6rverst\u00e4rkung - bitte unten eintragen""]";NULL;"2018-08-20 11:59:09";"2018-08-20 11:59:09"
"68";"MultipleChoice";"tt01a";"[""NONE"",""HEARINGDEVICE"",""COCHLEAIMPLANT"",""MASKER"",""COMBINATION"",""OTHER""]";NULL;"1";NULL;NULL;"2018-08-20 11:59:09";"2018-08-20 11:59:09";"136";"68";"en";"Haben Sie in den letzten 4 Wochen am oder im Ohr ein Gerät getragen, das ihr Hören oder ihren Tinnitus verbessern soll?";"[""Ich habe keines dieser Ger\u00e4te verwendet"",""H\u00f6rger\u00e4t"",""Cochlea-Implantat"",""Rauschger\u00e4t (auch Masker oder Noiser genannt)"",""Kombinationsger\u00e4t (H\u00f6rger\u00e4t und Rauschger\u00e4t im selben Ger\u00e4t)"",""Anderes Ger\u00e4t zur H\u00f6rverst\u00e4rkung - bitte unten eintragen""]";NULL;"2018-08-20 11:59:09";"2018-08-20 11:59:09"
"69";"TextString";"tt01b";"null";NULL;"0";NULL;NULL;"2018-08-20 11:59:09";"2018-08-20 11:59:09";"137";"69";"de";"Falls anderes Gerät zur Hörverstärkung, bitte eintragen:";"[]";NULL;"2018-08-20 11:59:09";"2018-08-20 11:59:09"
"69";"TextString";"tt01b";"null";NULL;"0";NULL;NULL;"2018-08-20 11:59:09";"2018-08-20 11:59:09";"138";"69";"en";"Falls anderes Gerät zur Hörverstärkung, bitte eintragen:";"[]";NULL;"2018-08-20 11:59:09";"2018-08-20 11:59:09"
"70";"MultipleChoice";"tt02a";"[""NONE"",""FILTEREDMUSIC"",""MUSIC"",""NOISE"",""AMPLITUDEMODULATED"",""OTHER""]";NULL;"1";NULL;NULL;"2018-08-20 11:59:09";"2018-08-20 11:59:09";"139";"70";"de";"Haben Sie in den letzten 4 Wochen eine Therapie mit auditorischen Stimulationen durchgeführt? Auditorische Stimulationen sind eine Therapieform bei der Sie sich Töne anhören, die ihren Tinnitus oder den Umgang mit Tinnitus verbessern sollen.";"[""Ich habe keine auditorischen Stimulationen durchgef\u00fchrt"",""Gefilterte Musik"",""Normale Musik zum Einschlafen nachts"",""Rauschen um den Tinnitus zu \u00fcbert\u00f6nen"",""Amplitudenmodulierte T\u00f6ne"",""Andere auditorische Stimulation - bitte unten eintragen""]";NULL;"2018-08-20 11:59:09";"2018-08-20 11:59:09"
"70";"MultipleChoice";"tt02a";"[""NONE"",""FILTEREDMUSIC"",""MUSIC"",""NOISE"",""AMPLITUDEMODULATED"",""OTHER""]";NULL;"1";NULL;NULL;"2018-08-20 11:59:09";"2018-08-20 11:59:09";"140";"70";"en";"Haben Sie in den letzten 4 Wochen eine Therapie mit auditorischen Stimulationen durchgeführt? Auditorische Stimulationen sind eine Therapieform bei der Sie sich Töne anhören, die ihren Tinnitus oder den Umgang mit Tinnitus verbessern sollen.";"[""Ich habe keine auditorischen Stimulationen durchgef\u00fchrt"",""Gefilterte Musik"",""Normale Musik zum Einschlafen nachts"",""Rauschen um den Tinnitus zu \u00fcbert\u00f6nen"",""Amplitudenmodulierte T\u00f6ne"",""Andere auditorische Stimulation - bitte unten eintragen""]";NULL;"2018-08-20 11:59:09";"2018-08-20 11:59:09"
"71";"TextString";"tt02b";"null";NULL;"0";NULL;NULL;"2018-08-20 11:59:09";"2018-08-20 11:59:09";"141";"71";"de";"Falls andere auditorische Stimulation, bitte eintragen:";"[]";NULL;"2018-08-20 11:59:09";"2018-08-20 11:59:09"
"71";"TextString";"tt02b";"null";NULL;"0";NULL;NULL;"2018-08-20 11:59:09";"2018-08-20 11:59:09";"142";"71";"en";"Falls andere auditorische Stimulation, bitte eintragen:";"[]";NULL;"2018-08-20 11:59:09";"2018-08-20 11:59:09"
"72";"MultipleChoice";"tt03a";"[""NO"",""PSYCHOTHERAPY"",""CHIROPRACTOR"",""DENTIST"",""PSYCHOLOGIST"",""NATUROPATH"",""ENTPHYSICIAN"",""AUDIOLOGIST"",""OTHER""]";NULL;"1";NULL;NULL;"2018-08-20 11:59:09";"2018-08-20 11:59:09";"143";"72";"de";"Haben Sie sich in den letzten 4 Wochen von einem Arzt oder Therapeuten behandeln oder beraten lassen?";"[""Nein, ich war nicht in Behandlung oder Beratung"",""Physiotherapie"",""Chiropraktiker"",""Zahnarzt \/ Kieferchirurg"",""Psychologe oder Psychiater"",""Heilpraktiker"",""HNO-Arzt"",""Audiologe"",""Anderer Arzt oder Therapeut - bitte unten eintragen""]";NULL;"2018-08-20 11:59:09";"2018-08-20 11:59:09"
"72";"MultipleChoice";"tt03a";"[""NO"",""PSYCHOTHERAPY"",""CHIROPRACTOR"",""DENTIST"",""PSYCHOLOGIST"",""NATUROPATH"",""ENTPHYSICIAN"",""AUDIOLOGIST"",""OTHER""]";NULL;"1";NULL;NULL;"2018-08-20 11:59:09";"2018-08-20 11:59:09";"144";"72";"en";"Haben Sie sich in den letzten 4 Wochen von einem Arzt oder Therapeuten behandeln oder beraten lassen?";"[""Nein, ich war nicht in Behandlung oder Beratung"",""Physiotherapie"",""Chiropraktiker"",""Zahnarzt \/ Kieferchirurg"",""Psychologe oder Psychiater"",""Heilpraktiker"",""HNO-Arzt"",""Audiologe"",""Anderer Arzt oder Therapeut - bitte unten eintragen""]";NULL;"2018-08-20 11:59:09";"2018-08-20 11:59:09"
"73";"TextString";"tt03b";"null";NULL;"0";NULL;NULL;"2018-08-20 11:59:09";"2018-08-20 11:59:09";"145";"73";"de";"Falls anderer Arzt oder Therapeut, bitte eintragen:";"[]";NULL;"2018-08-20 11:59:09";"2018-08-20 11:59:09"
"73";"TextString";"tt03b";"null";NULL;"0";NULL;NULL;"2018-08-20 11:59:09";"2018-08-20 11:59:09";"146";"73";"en";"Falls anderer Arzt oder Therapeut, bitte eintragen:";"[]";NULL;"2018-08-20 11:59:09";"2018-08-20 11:59:09"
"74";"MultipleChoice";"tt04a";"[""NO"",""ASPIRIN"",""PAINKILLERS"",""ORALSTEROIDS"",""ANTIBIOTICS"",""ANTIDEPRESSANTS"",""QUININE"",""DIURETICS"",""OTHER""]";NULL;"1";NULL;NULL;"2018-08-20 11:59:09";"2018-08-20 11:59:09";"147";"74";"de";"Haben Sie in den letzten 4 Wochen Medikamente genommen?";"[""Nein, ich habe keine Medikamente genommen"",""Aspirin"",""Schmerzmittel - bitte unten eintragen"",""Orale Steroide - bitte unten eintragen"",""Antibiotika - bitte unten eintragen"",""Antidepressiva - bitte unten eintragen"",""Quinine (z.B. wegen Muskelkr\u00e4mpfen, Malaria)"",""Wassertabletten (Diuretika) - bitte unten eintragen"",""Andere Medikamente - bitte unten eintragen""]";NULL;"2018-08-20 11:59:09";"2018-08-20 11:59:09"
"74";"MultipleChoice";"tt04a";"[""NO"",""ASPIRIN"",""PAINKILLERS"",""ORALSTEROIDS"",""ANTIBIOTICS"",""ANTIDEPRESSANTS"",""QUININE"",""DIURETICS"",""OTHER""]";NULL;"1";NULL;NULL;"2018-08-20 11:59:09";"2018-08-20 11:59:09";"148";"74";"en";"Haben Sie in den letzten 4 Wochen Medikamente genommen?";"[""Nein, ich habe keine Medikamente genommen"",""Aspirin"",""Schmerzmittel - bitte unten eintragen"",""Orale Steroide - bitte unten eintragen"",""Antibiotika - bitte unten eintragen"",""Antidepressiva - bitte unten eintragen"",""Quinine (z.B. wegen Muskelkr\u00e4mpfen, Malaria)"",""Wassertabletten (Diuretika) - bitte unten eintragen"",""Andere Medikamente - bitte unten eintragen""]";NULL;"2018-08-20 11:59:09";"2018-08-20 11:59:09"
"75";"TextString";"tt04b";"null";NULL;"0";NULL;NULL;"2018-08-20 11:59:09";"2018-08-20 11:59:09";"149";"75";"de";"Bitte ggf. Medikamente eintragen:";"[]";NULL;"2018-08-20 11:59:09";"2018-08-20 11:59:09"
"75";"TextString";"tt04b";"null";NULL;"0";NULL;NULL;"2018-08-20 11:59:09";"2018-08-20 11:59:09";"150";"75";"en";"Bitte ggf. Medikamente eintragen:";"[]";NULL;"2018-08-20 11:59:09";"2018-08-20 11:59:09"
"76";"MultipleChoice";"tt05a";"[""NO"",""PHYSICALEXERCISES"",""RELAXATIONEXERCISES"",""OWNTRAINING"",""DIET"",""SELFHELPGROUP"",""OTHER""]";NULL;"1";NULL;NULL;"2018-08-20 11:59:09";"2018-08-20 11:59:09";"151";"76";"de";"Haben Sie in den letzten 4 Wochen eigene Maßnahmen unternommen um den Tinnitus zu reduzieren?";"[""Nein, ich habe keine eigenen Ma\u00dfnahmen unternommen"",""K\u00f6rper\u00fcbungen (z.B. Yoga, Dehn\u00fcbungen)"",""Entspannungs\u00fcbungen"",""eigene Weiterbildung zum Thema Tinnitus"",""Di\u00e4t"",""Selbsthilfegruppe"",""Sonstige Ma\u00dfnamen - bitte unten eintragen""]";NULL;"2018-08-20 11:59:09";"2018-08-20 11:59:09"
"76";"MultipleChoice";"tt05a";"[""NO"",""PHYSICALEXERCISES"",""RELAXATIONEXERCISES"",""OWNTRAINING"",""DIET"",""SELFHELPGROUP"",""OTHER""]";NULL;"1";NULL;NULL;"2018-08-20 11:59:09";"2018-08-20 11:59:09";"152";"76";"en";"Haben Sie in den letzten 4 Wochen eigene Maßnahmen unternommen um den Tinnitus zu reduzieren?";"[""Nein, ich habe keine eigenen Ma\u00dfnahmen unternommen"",""K\u00f6rper\u00fcbungen (z.B. Yoga, Dehn\u00fcbungen)"",""Entspannungs\u00fcbungen"",""eigene Weiterbildung zum Thema Tinnitus"",""Di\u00e4t"",""Selbsthilfegruppe"",""Sonstige Ma\u00dfnamen - bitte unten eintragen""]";NULL;"2018-08-20 11:59:09";"2018-08-20 11:59:09"
"77";"TextString";"tt05b";"null";NULL;"0";NULL;NULL;"2018-08-20 11:59:09";"2018-08-20 11:59:09";"153";"77";"de";"Falls sonstige Maßnamen, bitte eintragen:";"[]";NULL;"2018-08-20 11:59:09";"2018-08-20 11:59:09"
"77";"TextString";"tt05b";"null";NULL;"0";NULL;NULL;"2018-08-20 11:59:09";"2018-08-20 11:59:09";"154";"77";"en";"Falls sonstige Maßnamen, bitte eintragen:";"[]";NULL;"2018-08-20 11:59:09";"2018-08-20 11:59:09"
